timeoftweet,Negative,Neutral,Positive,NetPositive,TotalTweets
2018-01-09 00:00:00+00:00,5.64435564436,68.8311688312,25.5244755245,19.8801198801,2002
