timeoftweet,Negative,Neutral,Positive,NetPositive,TotalTweets
2018-01-04 00:00:00+00:00,3.58413828165,85.4855109304,10.930350788,7.34621250635,3934
