timeoftweet,Negative,Neutral,Positive,NetPositive,TotalTweets
2018-01-04 00:00:00+00:00,5.55555555556,68.0555555556,26.3888888889,20.8333333333,72
